"Version","Mean","Standard_Deviation","MAPE_Mean","MAPE_SD"
"Original",2.30175438596491,1.22338043224169,NA,NA
"Median Imputed",2.258,1.13610154771778,1.90091463414634,7.13423904974404
"Random Imputed",2.303,1.2380321981773,0.0541158536585316,1.19764592840223
