"mpg","cyl","disp","hp","drat","wt","qsec","vs","am","gear","carb"
20.090625,6.1875,230.721875,146.6875,3.5965625,3.21725,17.84875,0.4375,0.40625,3.6875,2.8125
19.2,6,196.3,123,3.695,3.325,17.71,0,0,4,2
36.3241028225806,3.18951612903226,15360.799828629,4700.86693548387,0.285881350806452,0.957378967741936,3.19316612903226,0.254032258064516,0.248991935483871,0.544354838709677,2.60887096774194
7.375,4,205.175,83.5,0.84,1.02875,2.0075,1,1,1,2
10.4,4,71.1,52,2.76,1.513,14.5,0,0,3,1
33.9,8,472,335,4.93,5.424,22.9,1,1,5,8
